postcode,lat,lon
2000,-33.860,151.210
2001,-33.790,151.270
2002,-35.970,146.410
2004,0.000,0.000
2006,-33.890,151.190
2007,-33.880,151.200
2008,-33.890,151.200
2009,-33.870,151.190
2010,-33.880,151.220
2011,-33.870,151.230
2012,-33.730,150.930
2013,-33.730,150.930
2015,-33.900,151.200
2016,-33.890,151.200
2017,-33.900,151.210
2018,-33.930,151.210
2019,-33.960,151.210
2020,-33.930,151.190
2021,-33.890,151.220
2022,-33.890,151.250
2023,-33.890,151.260
2024,-33.900,151.260
2025,-33.890,151.240
2026,-33.890,151.260
2027,-33.870,151.240
2028,-33.880,151.240
2029,-33.870,151.280
2030,-33.870,151.280
2031,-33.910,151.260
2032,-33.930,151.230
2033,-33.910,151.220
2034,-33.920,151.250
2035,-33.950,151.240
2036,-33.980,151.240
2037,-33.880,151.180
2038,-33.880,151.170
2039,-33.860,151.170
2040,-33.880,151.160
2041,-33.860,151.180
2042,-33.900,151.170
2043,-33.900,151.190
2044,-33.910,151.180
2045,-33.880,151.140
2046,-33.850,151.130
2047,-33.850,151.150
2048,-33.900,151.170
2049,-33.890,151.140
2050,-33.890,151.180
2052,-33.910,151.230
2055,-33.800,151.100
2057,-33.790,151.190
2058,0.000,0.000
2059,-33.800,151.100
2060,-33.840,151.190
2061,-33.850,151.210
2062,-33.820,151.210
2063,-33.820,151.220
2064,-33.810,151.190
2065,-33.830,151.200
2066,-33.810,151.170
2067,-33.800,151.190
2068,-33.800,151.210
2069,-33.780,151.200
2070,-33.770,151.190
2071,-33.750,151.170
2072,-33.760,151.160
2073,-33.740,151.140
2074,-33.710,151.150
2075,-33.730,151.160
2076,-33.720,151.100
2077,-33.690,151.110
2079,-33.660,151.120
2080,-33.630,151.230
2081,-33.620,151.150
2082,-33.610,151.140
2083,-33.510,151.160
2084,-33.620,151.200
2085,-33.740,151.210
2086,-33.750,151.230
2087,-33.760,151.210
2088,-33.830,151.240
2089,-33.830,151.220
2090,-33.830,151.230
2091,0.000,0.000
2092,-33.800,151.250
2093,-33.790,151.260
2094,-33.790,151.270
2095,-33.800,151.290
2096,-33.770,151.290
2097,-33.740,151.300
2099,-33.740,151.280
2100,-33.770,151.250
2101,-33.700,151.280
2102,-33.690,151.300
2103,-33.680,151.300
2104,-33.660,151.300
2105,-33.640,151.280
2106,-33.660,151.310
2107,-33.640,151.330
2108,-33.600,151.300
2109,-33.770,151.110
2110,-33.830,151.150
2111,-33.820,151.140
2112,-33.800,151.100
2113,-33.800,151.130
2114,-33.800,151.080
2115,-33.810,151.050
2116,-33.810,151.030
2117,-33.800,151.040
2118,-33.780,151.050
2119,-33.750,151.060
2120,-33.740,151.070
2121,-33.770,151.080
2122,-33.790,151.080
2123,-33.890,151.140
2124,-33.890,151.140
2125,-33.750,151.040
2126,-33.720,151.040
2127,-33.850,151.080
2128,-33.840,151.050
2129,-33.870,151.190
2130,-33.890,151.140
2131,-33.890,151.130
2132,-33.880,151.110
2133,-33.900,151.110
2134,-33.880,151.100
2135,-33.870,151.090
2136,-33.890,151.100
2137,-33.840,151.110
2138,-33.850,151.090
2139,-33.840,151.100
2140,-33.860,151.080
2141,-33.870,151.030
2142,-33.850,151.010
2143,-33.890,151.020
2144,-33.850,151.030
2145,-33.800,150.950
2146,-33.790,150.970
2147,-33.740,150.920
2148,-33.790,150.870
2150,-33.820,151.010
2151,-33.800,151.010
2152,-33.780,150.990
2153,-33.760,150.990
2154,-33.730,151.010
2155,-33.700,150.950
2156,-33.660,150.940
2157,-33.510,151.060
2158,-33.680,151.030
2159,-33.620,151.050
2160,-33.840,150.990
2161,-33.850,150.990
2162,-33.880,151.000
2163,-33.880,150.960
2164,-33.850,150.940
2165,-33.870,150.960
2166,-33.900,150.940
2167,-33.970,150.890
2168,-33.920,150.900
2170,-33.950,150.910
2171,-33.880,150.850
2172,-33.970,150.990
2173,-33.950,150.950
2174,0.000,0.000
2175,-33.850,150.850
2176,-33.880,150.870
2177,-33.890,150.890
2178,-33.870,150.840
2179,-33.930,150.810
2190,-33.890,151.060
2191,-33.900,151.080
2192,-33.920,151.090
2193,-33.900,151.120
2194,-33.910,151.100
2195,-33.920,151.080
2196,-33.930,151.050
2197,-33.900,150.990
2198,-33.910,150.980
2199,-33.910,151.030
2200,-33.920,151.030
2203,-33.900,151.140
2204,-33.910,151.160
2205,-33.940,151.150
2206,-33.930,151.100
2207,-33.930,151.130
2208,-33.940,151.100
2209,-33.950,151.080
2210,-33.980,151.050
2211,-33.950,151.040
2212,-33.950,151.020
2213,-33.960,150.990
2214,-33.940,150.990
2216,-33.950,151.140
2217,-33.980,151.130
2218,-33.970,151.110
2219,-33.990,151.150
2220,-33.970,151.100
2221,-33.990,151.110
2222,-33.960,151.090
2223,-33.970,151.080
2224,-34.000,151.100
2225,-34.000,151.090
2226,-34.010,151.050
2227,-34.030,151.090
2228,-34.030,151.100
2229,-34.040,151.120
2230,-34.090,151.150
2231,-34.010,151.200
2232,-34.080,151.060
2233,-34.070,151.010
2234,-33.990,151.020
2250,-33.110,151.140
2251,-33.460,151.430
2252,0.000,0.000
2256,-33.500,151.330
2257,-33.510,151.340
2258,-33.340,151.390
2259,-33.270,151.400
2260,-33.430,151.410
2261,-33.380,151.480
2262,-33.210,151.490
2263,-33.270,151.540
2264,-33.100,151.550
2265,-33.080,151.450
2267,-33.070,151.580
2278,-32.930,151.590
2280,-33.040,151.660
2281,-33.080,151.650
2282,-32.990,151.640
2283,-33.060,151.580
2284,-32.930,151.630
2285,-32.930,151.660
2286,-32.910,151.580
2287,-32.890,151.690
2289,-32.930,151.730
2290,-33.000,151.690
2291,-32.940,151.750
2292,-32.920,151.740
2293,-32.910,151.750
2294,-32.920,151.770
2295,-32.850,151.810
2296,-32.910,151.750
2297,-32.910,151.750
2298,-32.910,151.730
2299,-32.900,151.690
2300,-32.940,151.770
2302,-32.920,151.760
2303,-32.920,151.750
2304,-32.880,151.750
2305,-32.930,151.710
2306,-33.000,151.680
2307,-32.880,151.690
2308,-35.130,147.320
2309,-30.350,148.890
2310,0.000,0.000
2311,-32.360,151.540
2312,-32.150,152.360
2314,-32.800,151.840
2315,-32.720,152.110
2316,-32.780,152.080
2317,-32.720,152.080
2318,-32.770,151.850
2319,-32.730,152.040
2320,-32.690,151.530
2321,-32.760,151.650
2322,-32.800,151.660
2323,-32.770,151.600
2324,-32.670,151.810
2325,-32.840,151.380
2326,-32.810,151.430
2327,-32.820,151.480
2328,-32.460,150.740
2329,-31.510,150.640
2330,-32.510,150.860
2331,-32.690,151.180
2333,-32.390,150.470
2334,-32.680,151.390
2335,-32.650,151.280
2336,-32.160,150.890
2337,-31.990,151.120
2338,-31.730,150.790
2339,-31.770,150.620
2340,-30.960,150.830
2341,-31.350,150.620
2342,-31.260,150.730
2343,-31.660,150.300
2344,-31.220,150.820
2345,-30.930,150.850
2346,-30.610,150.510
2347,-30.530,150.440
2348,0.000,0.000
2350,-30.240,152.010
2351,-30.490,151.640
2352,-31.060,151.050
2353,-30.950,151.050
2354,-31.270,151.550
2355,-30.880,151.160
2356,-30.620,148.970
2357,-31.510,149.790
2358,-30.590,151.560
2359,-30.000,151.080
2360,-29.840,151.040
2361,-29.320,151.100
2365,-30.080,151.880
2369,-29.910,151.210
2370,-29.640,151.960
2371,-29.390,152.040
2372,-28.930,151.700
2379,-31.070,149.710
2380,-30.800,150.200
2381,-31.240,150.460
2382,-30.700,150.040
2386,-30.110,148.970
2387,-29.780,149.090
2388,-30.090,149.440
2390,-30.600,149.970
2395,-31.550,149.380
2396,-30.940,149.070
2397,-29.920,149.790
2398,-29.740,149.800
2399,-29.580,150.140
2400,-29.320,149.810
2401,-29.580,150.340
2402,-29.510,150.750
2403,-29.650,150.830
2404,-29.800,150.480
2405,-28.730,149.580
2406,-29.000,149.100
2408,-28.930,150.390
2409,-28.740,150.420
2410,-29.050,150.640
2411,-29.130,150.380
2415,-32.290,151.860
2420,-32.430,151.770
2421,-32.510,151.530
2422,-31.970,152.070
2423,-32.490,152.280
2424,-31.800,152.070
2425,-32.540,151.960
2426,-31.830,152.610
2427,-31.840,152.740
2428,-32.350,152.540
2429,-31.730,152.280
2430,-32.070,152.540
2431,-30.890,153.070
2439,-31.660,152.680
2440,-31.060,152.770
2441,-30.820,152.830
2442,0.000,0.000
2443,-31.580,152.740
2444,-31.400,152.850
2445,-31.590,152.840
2446,-31.460,152.530
2447,-30.800,152.730
2448,-30.620,153.000
2449,-30.620,152.750
2450,-30.340,153.070
2452,-30.340,153.080
2453,-30.140,152.600
2454,-30.450,152.900
2455,-30.520,152.980
2456,-30.060,153.190
2460,-29.050,152.590
2462,-29.620,153.070
2463,-29.420,153.190
2464,-29.480,153.360
2465,-29.420,153.240
2466,-29.410,153.350
2469,-29.340,153.000
2470,-28.730,152.800
2471,-29.050,153.230
2472,-29.010,153.440
2473,-29.090,153.380
2474,-28.590,152.830
2475,-28.620,152.420
2476,-28.370,152.320
2477,-28.810,153.450
2478,-28.870,153.560
2479,-28.690,153.520
2480,-28.610,153.040
2481,-28.720,153.590
2482,-28.610,153.440
2483,-28.500,153.530
2484,-28.400,153.170
2485,-28.180,153.540
2486,-28.210,153.540
2487,-28.300,153.570
2488,-28.330,153.540
2489,-28.360,153.580
2490,-28.270,153.470
2500,-34.440,150.890
2502,-34.470,150.870
2505,-34.490,150.890
2506,-34.480,150.840
2508,-34.240,150.980
2515,-34.310,150.930
2516,-34.330,150.910
2517,-34.360,150.900
2518,-34.370,150.910
2519,-34.390,150.880
2520,-33.940,151.140
2522,-34.410,150.880
2525,-34.440,150.860
2526,-34.380,150.780
2527,-34.570,150.780
2528,-34.570,150.860
2529,-34.570,150.830
2530,-34.510,150.730
2533,-34.660,150.850
2534,-34.730,150.770
2535,-34.850,150.680
2536,-35.730,150.200
2537,-35.980,150.110
2538,-35.490,150.230
2539,-35.520,150.390
2540,-34.890,150.530
2541,-34.840,150.570
2545,-36.150,149.710
2546,-36.360,150.080
2548,-36.880,149.920
2549,-36.910,149.850
2550,-36.640,149.860
2551,-37.100,149.880
2555,-33.880,150.740
2556,-33.950,150.730
2557,-33.990,150.770
2558,-34.040,150.810
2559,-34.050,150.800
2560,-34.080,150.830
2563,-34.100,150.760
2564,-33.990,150.890
2565,-33.990,150.840
2566,-34.020,150.840
2567,-34.050,150.760
2568,-34.110,150.750
2569,-34.190,150.710
2570,-34.080,150.540
2571,-34.290,150.530
2572,-34.180,150.530
2573,-34.220,150.590
2574,-34.350,150.630
2575,-34.410,150.520
2576,-34.540,150.390
2577,-34.610,150.480
2578,-34.630,150.320
2579,-34.560,149.990
2580,-34.440,149.960
2581,-34.920,149.240
2582,-34.750,148.960
2583,-34.080,149.150
2584,-34.670,148.630
2585,-34.600,148.560
2586,-34.440,148.720
2587,-34.550,148.370
2588,-34.520,148.160
2590,-34.760,147.850
2594,-34.430,148.070
2600,-35.310,149.140
2601,-35.280,149.110
2602,-35.260,149.150
2603,-35.320,149.120
2604,-35.320,149.150
2605,-35.320,149.080
2606,-35.350,149.080
2607,-35.380,149.100
2608,-35.280,149.130
2609,-35.300,149.190
2610,0.000,0.000
2611,-35.560,148.620
2612,-35.270,149.130
2614,-35.260,149.080
2615,-35.200,149.030
2616,-35.250,149.070
2617,-35.240,149.070
2618,-35.520,149.080
2619,-35.380,149.200
2620,-35.580,149.230
2621,-35.810,149.430
2622,-35.650,149.810
2623,-35.550,149.450
2624,-36.180,148.440
2625,-36.510,148.300
2626,-35.960,149.150
2627,-36.440,148.510
2628,-36.440,148.700
2629,-36.000,148.770
2630,-36.370,148.950
2631,-36.740,149.260
2632,-36.820,149.280
2633,-36.930,148.830
2640,-36.080,146.910
2641,-36.040,146.920
2642,-35.440,146.440
2643,-35.960,146.610
2644,-35.960,147.130
2645,-35.130,146.130
2646,-35.850,146.520
2647,-35.950,145.960
2648,-34.150,142.090
2649,-35.600,148.090
2650,-35.160,147.510
2651,-32.710,151.550
2652,-34.040,146.030
2653,-35.830,148.070
2655,-35.320,147.190
2656,-35.120,147.000
2658,-35.440,146.990
2659,-35.600,146.790
2660,-35.670,147.000
2661,-35.150,147.300
2663,-35.150,145.980
2665,-34.360,146.900
2666,-34.460,147.680
2668,-34.180,147.410
2669,-33.500,146.800
2671,-34.110,147.140
2672,-33.390,146.580
2675,-33.480,145.530
2678,-35.060,147.350
2680,-34.260,146.100
2681,-34.180,146.110
2700,-35.030,146.610
2701,-34.820,147.200
2702,-34.790,147.040
2703,-34.630,146.400
2705,-34.490,146.430
2706,-34.560,146.010
2707,-34.860,145.670
2708,0.000,0.000
2710,-35.230,144.490
2711,-33.680,144.750
2712,-35.660,145.810
2713,-35.590,145.290
2714,-35.510,145.050
2715,-33.870,142.890
2716,-35.350,145.530
2717,-34.090,142.040
2720,-35.320,148.450
2721,-33.990,147.680
2722,-34.820,148.080
2725,-34.510,147.880
2726,-34.910,148.320
2727,-35.080,148.410
2729,-35.310,148.060
2730,-31.490,152.660
2731,-35.790,144.630
2732,-35.630,144.130
2733,-35.190,144.160
2734,-35.250,143.900
2735,-35.660,144.140
2736,-34.960,143.340
2737,-34.510,142.850
2738,-34.180,142.220
2739,-34.170,142.180
2745,-33.790,150.670
2747,-33.740,150.720
2748,-33.780,150.720
2749,-33.670,150.680
2750,-33.740,150.650
2751,-33.730,151.280
2752,-33.940,150.580
2753,-33.620,150.710
2754,-33.580,150.720
2755,-33.600,150.800
2756,-33.640,150.790
2757,-33.550,150.700
2758,-33.540,150.440
2759,-33.810,150.790
2760,-33.780,150.790
2761,-33.730,150.870
2762,-33.700,150.890
2763,-33.730,150.910
2765,-33.670,150.800
2766,-33.800,150.850
2767,-33.770,150.870
2768,-33.740,150.920
2769,-34.050,150.750
2770,-33.730,150.820
2773,-33.770,150.620
2774,-33.740,150.610
2775,-33.330,150.980
2776,-33.700,150.530
2777,-33.670,150.650
2778,-33.790,150.040
2779,-33.720,150.450
2780,-33.710,150.310
2782,-33.710,150.380
2783,-33.720,150.430
2784,-33.720,150.410
2785,-33.640,150.280
2786,-33.510,150.280
2787,-33.840,149.710
2790,-33.220,150.020
2791,-33.610,149.140
2792,-33.590,149.030
2793,-33.930,148.860
2794,-33.910,148.460
2795,-33.910,149.330
2796,0.000,0.000
2797,-33.710,149.030
2798,-33.340,149.250
2799,-33.650,149.270
2800,-33.120,149.030
2803,-34.160,148.450
2804,-33.680,148.620
2805,-33.650,148.410
2806,-33.430,148.370
2807,-34.040,148.550
2808,-33.940,149.050
2809,-34.040,148.400
2810,-33.990,147.930
2820,-32.600,148.960
2821,-32.060,148.260
2823,-31.840,148.180
2824,-31.670,147.860
2825,-31.940,146.480
2827,-31.660,148.880
2828,-31.110,148.860
2829,-31.120,148.370
2830,-32.200,148.900
2831,-31.450,148.410
2832,-29.110,147.900
2833,-29.550,148.580
2834,-29.430,147.980
2835,-32.030,144.440
2836,-30.810,142.880
2839,-30.200,146.540
2840,-29.190,145.880
2842,-31.820,149.120
2843,-31.770,149.610
2844,-32.120,149.470
2845,-33.410,150.060
2846,-33.150,149.990
2847,-33.350,149.980
2848,-32.970,149.960
2849,-32.980,150.100
2850,-32.860,149.800
2852,-32.190,149.530
2864,-33.230,148.840
2865,-33.100,148.540
2866,-33.180,148.930
2867,-32.870,148.500
2868,-32.750,148.750
2869,-32.730,148.190
2870,-32.930,148.260
2871,-33.500,148.310
2873,-32.420,147.510
2874,-32.630,147.560
2875,-32.780,147.860
2876,-33.110,147.800
2877,-33.090,147.150
2878,-32.830,143.860
2879,-32.260,142.410
2880,-31.960,141.470
2890,0.000,0.000
2891,0.000,0.000
2898,-31.550,159.080
2899,-36.080,146.930
2900,-35.420,149.070
2901,0.000,0.000
2902,-35.380,149.050
2903,-35.400,149.100
2904,-35.400,149.120
2905,-35.430,149.080
2906,-35.520,149.080
2911,-35.220,149.120
2912,-35.520,149.080
2913,-35.200,149.130
2914,-35.170,149.130
3000,-37.810,144.970
3001,-38.370,144.770
3002,-37.820,144.990
3003,-37.810,144.940
3004,-37.840,144.980
3005,-37.820,144.950
3006,-37.820,144.970
3008,-37.810,144.950
3010,-37.800,144.960
3011,-37.800,144.900
3012,-37.810,144.850
3013,-37.820,144.890
3015,-37.840,144.880
3016,-37.860,144.900
3018,-37.870,144.830
3019,-37.780,144.860
3020,-37.780,144.820
3021,-37.750,144.770
3022,-37.780,144.800
3023,-37.750,144.750
3024,-37.900,144.560
3025,-37.840,144.860
3026,-37.840,144.800
3027,-37.860,144.760
3028,-37.870,144.780
3029,-37.880,144.700
3030,-37.970,144.580
3031,-37.790,144.930
3032,-37.780,144.920
3033,-37.740,144.800
3034,-37.740,144.820
3036,-37.720,144.830
3037,-37.720,144.780
3038,-37.730,144.810
3039,-37.770,144.920
3040,-37.760,144.900
3041,-37.740,144.910
3042,-37.710,144.890
3043,-37.690,144.880
3044,-37.730,144.940
3045,-37.670,144.830
3046,-37.700,144.920
3047,-37.680,144.920
3048,-37.650,144.930
3049,-37.670,144.890
3050,-37.800,144.960
3051,-37.910,145.060
3052,-37.800,144.960
3053,-37.780,144.970
3054,-37.780,144.970
3055,-37.770,144.940
3056,-37.760,144.940
3057,-37.760,144.980
3058,-37.730,144.960
3059,-37.640,144.890
3060,-37.760,144.900
3061,-37.640,144.950
3062,-37.640,144.940
3063,-37.630,144.840
3064,-37.600,144.940
3065,-37.800,144.980
3066,-37.800,144.980
3067,-37.800,145.000
3068,-37.790,144.990
3070,-37.770,145.000
3071,-37.760,145.000
3072,-37.740,145.030
3073,-37.690,145.010
3074,-37.680,145.010
3075,-37.670,145.020
3076,-37.640,145.010
3078,-37.780,145.030
3079,-37.770,145.040
3081,-37.750,145.050
3082,-37.670,145.060
3083,-37.700,145.070
3084,-37.740,145.090
3085,-37.730,145.070
3086,-37.720,145.050
3087,-37.710,145.080
3088,-37.710,145.120
3089,-37.640,145.220
3090,-37.670,145.120
3091,-37.640,145.130
3093,-37.730,145.090
3094,-37.720,145.120
3095,-37.710,145.150
3096,-37.670,145.190
3097,-37.700,145.280
3099,-37.590,145.220
3101,-37.810,145.040
3102,-37.800,145.050
3103,-37.810,145.080
3104,-37.790,145.070
3105,-37.770,145.080
3106,-37.770,145.120
3107,-37.760,145.100
3108,-37.780,145.120
3109,-37.810,145.190
3110,0.000,0.000
3111,-38.180,144.470
3113,-37.730,145.220
3114,-37.780,145.210
3115,-37.740,145.270
3116,-37.750,145.330
3121,-37.830,145.010
3122,-37.840,145.050
3123,-37.830,145.040
3124,-37.820,145.060
3125,-37.840,145.120
3126,-37.840,145.090
3127,-37.820,145.100
3128,-37.820,145.120
3129,-37.800,145.130
3130,-37.820,145.150
3131,-37.840,145.180
3132,-37.820,145.190
3133,-37.840,145.190
3134,-37.810,145.230
3135,-37.820,145.250
3136,-37.800,145.280
3137,-37.800,145.310
3138,-37.770,145.330
3139,-37.800,145.540
3140,-37.760,145.350
3141,-36.990,144.060
3142,-37.840,145.000
3143,-37.860,145.020
3144,-37.840,145.030
3145,-37.880,145.040
3146,-37.850,145.070
3147,-37.860,145.080
3148,-37.890,145.080
3149,-37.880,145.130
3150,-37.880,145.170
3151,-37.860,145.140
3152,-37.870,145.240
3153,-37.840,145.270
3154,-37.850,145.310
3155,-37.860,145.280
3156,-37.880,145.300
3158,-37.900,145.330
3159,-37.920,145.400
3160,-37.910,145.360
3161,-38.030,145.310
3162,-37.880,145.030
3163,-37.890,145.060
3164,-38.020,145.240
3165,-37.930,145.060
3166,-37.900,145.080
3167,-37.930,145.100
3168,-37.930,145.120
3169,-37.940,145.100
3170,-37.870,145.100
3171,-37.950,145.160
3172,-37.970,145.120
3173,-37.990,145.150
3174,-37.970,145.180
3175,-38.030,145.180
3176,0.000,0.000
3177,-38.000,145.240
3178,-37.930,145.240
3179,-37.860,145.260
3180,-37.890,145.250
3181,-37.850,144.990
3182,-37.870,144.980
3183,-37.870,145.000
3184,-37.880,145.000
3185,-37.880,145.000
3186,-37.910,144.990
3187,-37.900,145.000
3188,-37.930,145.030
3189,-37.930,145.040
3190,-37.950,145.030
3191,-37.950,145.010
3192,-37.960,145.060
3193,-37.990,145.030
3194,-37.980,145.060
3195,-38.030,145.100
3196,-38.060,145.120
3197,-38.080,145.120
3198,-38.110,145.160
3199,-38.150,145.120
3200,-38.170,145.190
3201,-38.090,145.190
3202,-37.970,145.210
3204,-37.920,145.040
3205,-37.930,145.030
3206,-37.840,144.960
3207,-37.830,144.960
3211,-37.970,144.530
3212,-38.020,144.410
3214,-38.070,144.360
3215,-38.110,144.330
3216,-38.180,144.340
3217,-38.200,144.300
3218,-38.140,144.350
3219,-38.180,144.380
3220,-38.180,145.110
3221,-37.900,144.250
3222,-38.160,144.560
3223,-38.140,144.710
3224,-38.180,144.460
3225,-38.290,144.610
3226,-38.270,144.540
3227,-38.280,144.490
3228,-38.330,144.260
3230,-38.410,144.190
3231,-38.460,144.110
3232,-38.520,144.000
3233,-38.750,143.670
3235,-38.470,143.930
3236,-38.520,143.710
3237,-38.690,143.560
3238,-38.780,143.430
3239,-38.560,143.400
3240,-38.220,144.080
3241,-38.370,143.950
3242,-38.310,143.790
3243,-38.470,143.760
3249,-38.240,143.480
3250,-38.340,143.580
3251,-38.190,143.640
3254,-38.300,143.520
3260,-38.130,143.100
3264,-38.240,142.910
3265,-38.210,143.010
3266,-38.340,143.140
3267,-38.450,143.110
3268,-38.420,142.860
3269,-38.620,143.000
3270,-38.580,142.860
3271,-38.000,143.050
3272,-38.080,142.810
3273,-38.060,142.610
3274,-37.910,142.520
3275,-38.300,142.460
3276,-38.040,142.440
3277,-38.390,142.590
3278,-38.280,142.620
3279,-38.210,142.660
3280,-38.360,142.440
3281,-38.330,142.510
3282,-38.330,142.410
3283,-38.310,142.330
3284,-38.210,142.150
3285,-38.270,141.970
3286,-37.970,141.830
3287,-38.110,142.320
3289,-37.900,142.170
3292,-38.050,141.010
3293,-37.640,142.550
3294,-37.650,142.340
3300,-37.880,141.960
3301,-37.700,141.930
3302,-37.860,141.790
3303,-38.030,141.810
3304,-38.150,141.970
3305,-38.270,141.650
3309,-37.790,141.500
3310,-37.720,141.550
3311,-37.580,141.410
3312,-37.640,141.370
3314,-37.590,141.940
3315,-37.440,141.760
3317,-37.120,141.600
3318,-36.990,141.510
3319,-36.970,141.080
3321,-38.110,143.860
3322,-38.030,143.640
3323,-37.990,143.490
3324,-37.950,143.340
3325,-37.950,143.220
3328,-38.040,144.050
3329,-38.020,143.860
3330,-37.840,143.680
3331,-38.050,144.170
3332,-37.960,144.140
3333,-37.920,144.030
3334,-37.710,144.090
3335,-37.690,144.690
3337,-37.680,144.590
3338,-37.700,144.540
3340,-37.680,144.440
3341,-37.520,144.310
3342,-37.600,144.230
3345,-37.590,144.100
3350,-37.560,143.820
3351,-37.770,143.680
3352,-37.380,143.670
3353,-37.780,144.840
3354,-37.560,143.870
3355,-37.550,143.820
3356,-37.590,143.830
3357,-37.650,143.920
3360,-37.690,143.560
3361,-37.780,143.410
3363,-37.420,143.890
3364,-37.370,143.940
3370,-37.290,143.790
3371,-37.150,143.670
3373,-37.430,143.380
3374,0.000,0.000
3375,-37.430,143.130
3377,-37.280,142.930
3378,-37.530,142.940
3379,-37.530,142.520
3380,-37.160,142.700
3381,-36.940,143.210
3384,-36.980,143.200
3385,-36.920,142.510
3387,-36.670,142.870
3388,-36.570,142.820
3390,-36.450,142.420
3391,-36.070,142.520
3392,-36.460,142.590
3393,-36.330,142.360
3395,-35.940,142.420
3396,-35.730,142.360
3400,-36.710,142.200
3401,-36.460,142.310
3402,-37.160,142.670
3407,-37.250,141.840
3409,-36.780,141.760
3412,-36.750,141.470
3413,-36.710,141.180
3414,-36.300,142.020
3415,-36.380,141.360
3418,-36.170,141.330
3419,-36.380,141.240
3420,-36.360,141.120
3423,-36.140,141.990
3424,-35.690,141.970
3427,-37.630,144.720
3428,-37.640,144.800
3429,-37.580,144.730
3430,-37.480,144.750
3431,-37.460,144.670
3432,-37.430,144.780
3433,0.000,0.000
3434,-37.390,144.640
3435,-37.190,144.690
3437,-37.520,144.480
3438,-37.460,144.600
3440,-37.400,144.590
3441,-37.400,144.590
3442,-37.390,144.450
3444,-37.090,144.510
3446,-37.200,144.290
3447,-37.130,144.360
3448,-37.110,144.340
3450,-37.060,144.220
3451,-37.030,144.240
3453,-37.000,144.260
3458,-37.450,144.290
3460,-37.310,144.090
3461,-37.390,144.220
3462,-37.110,144.100
3463,-36.980,143.950
3464,-37.010,143.800
3465,-37.070,143.680
3467,-37.090,143.470
3468,-37.180,143.400
3469,-37.180,143.250
3472,-36.920,143.760
3475,-36.830,143.500
3477,0.000,0.000
3478,-36.540,142.920
3480,-36.240,142.690
3482,-36.230,142.860
3483,-35.980,142.750
3485,-35.640,142.770
3487,-35.610,142.580
3488,-35.400,142.440
3489,-35.340,142.480
3490,-35.200,141.600
3491,-35.380,142.190
3494,-34.460,142.230
3496,-34.290,142.150
3498,-34.230,142.180
3500,-34.180,142.160
3501,-34.850,142.330
3502,-37.970,145.260
3505,-34.200,142.060
3506,-35.280,141.400
3507,-35.190,142.020
3509,-35.170,141.690
3512,-35.220,141.090
3515,-36.740,144.130
3516,-36.590,143.920
3517,-36.300,143.920
3518,-36.500,143.460
3520,-36.330,143.840
3521,-37.120,144.880
3522,-37.130,144.750
3523,-36.940,144.730
3525,-36.270,143.430
3527,-36.060,143.390
3529,-35.780,143.260
3530,-35.720,143.110
3531,-35.640,142.990
3533,-35.360,142.790
3537,-36.010,143.670
3540,-35.760,143.450
3542,-35.760,143.280
3544,-35.510,143.200
3546,-34.960,142.880
3549,-34.850,142.830
3550,-36.760,144.280
3551,-36.690,143.870
3552,-37.830,145.010
3554,0.000,0.000
3555,-36.830,144.230
3556,-36.730,144.260
3557,-36.650,144.510
3558,-36.490,144.710
3559,-36.530,144.600
3561,-36.300,144.670
3562,-35.980,144.460
3563,-36.270,144.480
3564,-36.130,144.730
3565,-36.190,144.530
3566,-35.960,144.370
3567,-35.890,144.240
3568,-35.840,144.340
3570,-36.470,144.110
3571,-36.370,144.230
3572,-36.360,144.380
3573,-36.300,144.090
3575,-36.040,143.990
3576,-36.200,143.960
3579,-35.880,143.870
3580,-35.640,144.110
3581,-35.620,143.800
3583,-35.510,143.640
3584,-35.460,143.630
3585,-35.420,143.590
3586,-35.300,143.360
3588,-35.270,143.450
3589,-35.260,143.470
3590,-35.240,143.480
3591,-35.220,143.410
3594,-35.150,143.360
3595,-35.190,143.350
3596,-35.120,143.330
3597,-34.860,143.340
3599,-34.740,143.140
3607,-36.850,145.200
3608,-36.700,145.030
3610,-36.540,145.280
3612,-36.590,144.950
3614,-36.480,145.260
3616,-36.420,145.070
3617,-36.420,145.150
3618,-36.370,145.170
3619,-37.660,144.940
3620,-36.310,145.050
3621,-36.270,144.850
3622,-36.160,144.770
3623,-36.460,144.900
3624,-36.440,145.070
3629,-36.380,145.300
3630,-36.360,145.400
3631,-36.540,145.360
3632,-36.540,145.600
3633,-36.300,145.480
3634,-36.220,145.340
3635,-36.160,145.300
3636,-36.140,145.500
3637,-36.050,145.330
3638,-36.150,145.170
3639,-36.020,144.970
3640,-35.970,145.460
3641,-35.920,145.330
3643,-35.960,145.630
3644,-35.910,145.690
3646,-36.330,145.690
3647,-36.400,145.700
3649,-36.080,145.690
3658,-37.200,145.050
3659,-37.130,145.020
3660,-37.090,145.500
3661,-38.200,146.540
3662,0.000,0.000
3663,-36.940,145.160
3664,-36.890,145.230
3665,-36.820,145.360
3666,-36.710,145.640
3669,-36.700,145.770
3670,-36.590,145.860
3671,-36.390,145.420
3672,-36.550,145.990
3673,-36.430,145.890
3675,-36.270,146.130
3676,-36.340,146.340
3677,-36.350,146.300
3678,-36.520,146.500
3682,-36.240,146.410
3683,-36.150,146.610
3685,-36.100,146.220
3687,-36.010,146.400
3688,-36.110,146.670
3689,-37.680,144.990
3690,-36.100,146.820
3691,-36.280,146.910
3694,-36.140,146.920
3695,-36.300,147.140
3697,-36.670,147.210
3698,0.000,0.000
3699,-36.810,147.220
3700,-36.180,147.340
3701,-36.530,147.500
3704,-36.100,147.540
3705,-36.190,147.770
3707,-36.280,148.030
3708,-36.050,147.930
3709,-36.050,147.560
3711,-37.420,145.710
3712,-37.330,145.860
3713,-37.230,145.910
3714,-37.250,145.700
3715,-36.970,145.790
3717,-37.340,145.290
3718,-37.130,145.530
3719,-37.010,145.620
3720,-37.020,145.860
3722,-37.010,146.220
3723,-36.890,146.260
3724,-37.050,146.080
3725,-36.320,145.800
3726,-36.280,146.060
3727,-36.230,146.060
3728,-36.100,146.080
3730,-36.030,146.080
3732,-36.580,146.380
3733,-36.750,146.410
3735,-36.520,146.580
3736,-36.460,146.480
3737,-36.980,146.780
3738,-36.610,146.790
3739,-36.700,146.850
3740,-36.820,146.850
3741,-36.730,146.960
3744,-36.750,146.980
3746,-36.300,146.580
3747,-36.360,146.690
3749,-36.410,146.860
3750,-38.380,144.810
3751,-37.690,144.890
3752,-37.650,145.100
3753,-37.470,145.000
3754,-37.620,145.150
3755,-37.570,145.140
3756,-37.400,144.800
3757,-37.450,145.110
3758,-37.380,145.030
3759,-37.640,145.240
3760,-37.620,145.290
3761,0.000,0.000
3762,0.000,0.000
3763,-37.480,145.280
3764,-37.310,144.890
3765,-37.810,145.340
3766,-37.820,145.370
3767,-37.840,145.360
3770,-37.720,145.380
3775,-37.650,145.320
3777,-37.690,145.540
3778,-37.630,145.700
3779,-37.560,145.890
3781,-37.940,145.490
3782,-37.920,145.470
3783,-37.950,145.550
3785,-38.270,144.490
3786,-37.880,145.340
3787,-37.880,145.370
3788,-37.860,145.360
3789,-37.880,145.360
3791,-37.900,145.410
3792,-37.890,145.390
3793,-37.870,145.410
3795,-37.840,145.410
3796,-37.790,145.380
3797,-37.860,145.710
3799,-37.760,145.750
3800,-37.910,145.130
3802,-37.980,145.250
3803,-38.000,145.270
3804,-37.970,145.360
3805,-38.020,145.300
3806,-38.030,145.340
3807,-38.050,145.370
3808,-38.000,145.410
3809,-38.060,145.410
3810,-38.080,145.490
3812,-38.040,145.610
3813,-38.090,145.630
3814,-38.150,145.610
3815,-38.100,145.720
3816,-38.050,145.830
3818,-38.240,145.780
3820,-38.210,145.960
3821,-38.100,145.920
3822,-38.240,146.000
3823,-38.260,146.030
3824,-38.300,146.110
3825,-37.700,146.360
3831,-37.960,145.990
3832,-37.910,145.930
3833,-37.840,145.850
3835,-38.330,146.120
3840,-38.280,146.320
3841,0.000,0.000
3842,-38.320,146.420
3844,-38.410,146.640
3847,-38.260,146.750
3850,-38.420,147.080
3851,-38.040,147.080
3852,-38.110,147.130
3853,-38.100,146.060
3854,-38.120,146.570
3856,-38.070,146.670
3857,-38.000,146.690
3858,-37.970,146.690
3859,-37.890,146.850
3860,-37.880,146.990
3862,-37.570,147.190
3864,-37.860,147.340
3865,-37.800,147.460
3869,-38.400,146.420
3870,-38.380,146.280
3871,-38.290,146.050
3873,-38.290,146.720
3874,-38.380,146.790
3875,-37.830,147.630
3878,-37.890,147.670
3880,-37.920,147.690
3882,-37.820,147.730
3885,-37.710,147.830
3886,-37.740,148.430
3887,-37.840,148.120
3888,-37.150,148.880
3889,-37.930,145.910
3890,-37.270,149.140
3891,-37.480,149.590
3892,-37.550,149.730
3893,-37.590,147.890
3895,-37.300,147.750
3896,-37.110,147.810
3898,-37.020,147.470
3900,-36.950,147.700
3902,-37.790,147.830
3903,-37.810,147.840
3904,-37.870,147.850
3909,-37.860,147.920
3910,-38.150,145.190
3911,-38.200,145.160
3912,-38.200,145.230
3913,-38.260,145.190
3915,-38.310,145.190
3916,-38.390,145.090
3918,-38.340,145.180
3919,-38.370,145.200
3920,0.000,0.000
3921,-38.340,145.340
3922,-38.450,145.240
3923,-38.460,145.310
3925,-38.540,145.340
3926,-38.370,145.130
3927,-38.380,145.150
3928,-38.400,144.970
3929,-38.470,145.020
3930,-38.190,145.080
3931,-38.240,145.060
3933,-38.240,145.090
3934,-38.300,144.990
3936,-38.350,144.950
3937,-38.370,145.010
3938,-37.990,145.220
3939,-38.400,144.900
3940,0.000,0.000
3941,-38.370,144.820
3942,-38.360,144.770
3943,-38.340,144.740
3944,-38.340,144.710
3945,-37.970,145.160
3946,-38.430,145.720
3950,-38.450,145.880
3951,-38.390,145.890
3953,-38.410,146.070
3954,-38.550,145.950
3956,-38.530,146.100
3957,-37.940,145.270
3958,-38.640,146.070
3959,-38.690,146.080
3960,-38.670,146.270
3962,-38.670,146.400
3964,-38.680,146.270
3965,-38.690,146.450
3966,-38.580,146.450
3967,-37.690,144.960
3971,-38.610,146.670
3975,-38.050,145.260
3976,-38.030,145.270
3977,-38.210,145.320
3978,-38.150,145.420
3979,-38.430,145.560
3980,-38.210,145.340
3981,-38.180,145.570
3984,-38.320,145.540
3987,-38.330,145.670
3988,-38.290,145.890
3990,-38.450,145.530
3991,-38.480,145.470
3992,-38.490,145.620
3995,-38.530,145.450
3996,-38.630,145.730
4000,-27.470,153.030
4001,-27.600,152.820
4002,0.000,0.000
4003,-24.870,152.350
4004,-24.050,149.320
4005,-27.470,153.050
4006,-27.440,153.040
4007,-27.430,153.060
4008,-27.420,153.120
4009,-27.430,153.090
4010,-27.430,153.050
4011,-27.420,153.060
4012,-27.400,153.060
4013,-27.390,153.070
4014,-27.380,153.080
4017,-27.330,153.030
4018,-27.350,153.030
4019,-27.260,153.080
4020,-27.230,153.120
4021,-27.230,153.090
4022,-27.210,153.050
4025,-27.080,153.370
4029,-27.450,153.030
4030,-27.420,153.030
4031,-27.410,153.030
4032,-27.390,153.030
4034,-27.360,153.020
4035,-27.350,152.970
4036,-27.310,153.010
4037,-27.340,152.950
4051,-27.420,153.000
4053,-27.410,152.980
4054,-27.400,152.960
4055,-27.370,152.940
4059,-27.450,153.010
4060,-27.450,152.990
4061,-27.440,152.940
4064,-27.470,153.000
4065,-27.460,152.980
4066,-27.480,152.990
4067,-27.490,153.010
4068,-27.510,152.980
4069,-27.490,152.900
4070,-27.550,152.870
4072,-27.550,152.330
4073,-27.550,152.960
4074,-27.560,152.930
4075,-27.540,152.980
4076,-27.570,152.950
4077,-27.610,152.980
4078,-27.610,152.950
4101,-27.490,153.020
4102,-27.500,153.040
4103,-27.510,153.030
4104,-27.520,153.020
4105,-27.530,153.030
4106,-27.530,153.000
4107,-27.540,153.030
4108,-27.570,153.020
4109,-27.570,153.080
4110,-27.590,153.030
4111,-27.550,153.060
4112,-27.610,153.090
4113,-27.580,153.090
4114,-27.660,153.120
4115,-27.610,153.030
4116,-27.620,153.050
4117,-27.640,153.080
4118,-27.660,153.040
4119,-27.590,153.110
4120,-27.510,153.050
4121,-27.520,153.060
4122,-27.540,153.100
4123,-27.570,153.130
4124,-27.690,153.020
4125,-27.750,153.030
4127,-27.640,153.150
4128,-27.650,153.170
4129,-27.690,153.180
4130,-27.690,153.280
4131,-27.680,153.130
4132,-27.690,153.090
4133,-27.740,153.090
4151,-27.500,153.060
4152,-27.490,153.080
4153,-27.500,153.130
4154,-27.490,153.150
4155,-19.260,146.780
4156,-27.560,153.160
4157,-27.530,153.190
4158,-27.480,153.200
4159,-27.500,153.210
4160,-27.520,153.260
4161,-27.520,153.220
4163,-27.530,153.260
4164,-27.560,153.260
4165,-27.620,153.240
4169,-27.480,153.050
4170,-27.470,153.100
4171,-27.460,153.070
4172,-27.460,153.110
4173,-27.470,153.130
4174,-27.450,153.130
4178,-27.420,153.160
4179,-27.470,153.180
4183,-27.400,153.440
4184,-27.570,153.330
4205,-27.690,153.160
4207,-27.720,153.270
4208,-27.750,153.260
4209,-27.870,153.320
4210,-27.940,153.230
4211,-28.030,153.280
4212,-27.920,153.330
4213,-28.140,153.320
4214,-27.940,153.370
4215,-27.970,153.420
4216,-27.930,153.400
4217,-28.010,153.390
4218,-28.030,153.430
4219,-28.110,153.440
4220,-28.090,153.450
4221,-28.140,153.470
4222,0.000,0.000
4223,-28.140,153.480
4224,-28.140,153.490
4225,-28.160,153.510
4226,-28.040,153.400
4227,-28.110,153.400
4228,-28.150,153.420
4229,-28.080,153.410
4230,-28.080,153.390
4270,-27.880,153.130
4271,-27.920,153.210
4272,-27.950,153.190
4275,-28.000,153.160
4280,-27.830,153.030
4285,-27.900,152.940
4287,-28.260,152.780
4300,-27.670,152.890
4301,-27.610,152.860
4303,-27.600,152.830
4304,-27.630,152.800
4305,-27.600,152.770
4306,-27.640,152.700
4307,-27.820,152.570
4309,-27.980,152.550
4310,-28.000,152.710
4311,-27.420,152.460
4312,-27.270,152.590
4313,-27.160,152.330
4340,-27.630,152.560
4341,-27.650,152.330
4342,-27.540,152.380
4343,-27.510,152.300
4344,-27.590,152.150
4345,-27.550,152.340
4346,-27.560,152.590
4347,-27.570,152.200
4350,-27.620,151.770
4352,-28.580,151.800
4353,-27.260,151.900
4354,-27.320,151.910
4355,-27.130,152.090
4356,-27.570,151.450
4357,-28.060,151.160
4358,-27.710,151.860
4359,-27.790,152.020
4360,-27.840,151.890
4361,-27.890,151.800
4362,-28.040,151.980
4363,-27.680,151.740
4364,-27.710,151.400
4365,-28.020,151.600
4370,-28.200,151.950
4371,-28.230,152.250
4372,-28.300,152.230
4373,-28.340,152.290
4374,-28.490,151.970
4375,-28.530,151.950
4376,-28.540,151.930
4377,-28.580,151.970
4378,-28.610,151.960
4380,-28.610,151.900
4381,-28.740,151.870
4382,-28.800,151.840
4383,-28.880,151.910
4384,-28.730,151.180
4385,-28.720,150.970
4387,-28.610,151.130
4388,-28.620,150.550
4390,-28.150,150.290
4400,-27.500,151.800
4401,-27.300,151.690
4402,-26.980,151.830
4403,-27.220,151.590
4404,-27.310,151.490
4405,-27.190,151.400
4406,-27.890,150.600
4407,-27.650,150.840
4408,-26.930,151.450
4410,-26.780,151.110
4411,-26.930,150.920
4412,-26.840,150.790
4413,-26.710,150.550
4415,-26.670,150.330
4416,-27.010,150.060
4417,-27.160,149.160
4418,-26.260,150.050
4419,-25.730,150.280
4420,-25.490,149.530
4421,-27.290,150.600
4422,-27.560,149.610
4423,-27.250,149.680
4424,-26.640,149.980
4425,-26.520,149.780
4426,-26.640,149.620
4427,-26.130,149.370
4428,-26.580,149.110
4454,-25.720,148.670
4455,-27.120,148.620
4461,-26.600,148.360
4462,-26.550,148.190
4465,-26.970,148.060
4467,-26.450,147.540
4468,-26.090,146.830
4470,-26.650,146.180
4471,-27.370,145.960
4472,-24.420,145.470
4474,-25.910,144.600
4475,-26.630,145.020
4477,-25.790,146.590
4478,-25.480,146.010
4479,-26.650,145.460
4480,-26.670,143.270
4481,-25.390,141.550
4482,-25.900,139.350
4486,-28.590,148.230
4487,-27.510,148.320
4488,-28.030,147.480
4489,-27.250,145.980
4490,-28.840,145.820
4491,-28.170,145.040
4492,-27.780,143.370
4493,-29.000,144.410
4494,-28.420,149.660
4496,-28.440,149.470
4497,-28.600,148.990
4498,-28.210,149.790
4500,-27.290,152.960
4501,-27.280,152.980
4502,-27.270,152.980
4503,-27.230,152.980
4504,-27.190,152.930
4505,-27.170,152.950
4506,-27.150,152.860
4507,-27.050,153.140
4508,-27.200,153.030
4509,-27.230,153.020
4510,-27.130,153.050
4511,-27.080,153.110
4512,-27.010,152.840
4514,-26.850,152.720
4515,-26.960,152.610
4516,-27.020,152.940
4517,-26.950,152.960
4518,-26.900,152.960
4519,-26.860,152.960
4520,-27.230,152.800
4521,-27.070,152.810
4550,-26.810,152.960
4551,-26.780,153.110
4552,-26.780,152.890
4553,-26.760,152.930
4554,-26.730,152.960
4555,-26.700,152.990
4556,-26.690,153.050
4557,-26.680,153.120
4558,-26.660,153.100
4559,-26.650,153.040
4560,-26.620,153.040
4561,-26.530,152.930
4562,-26.480,152.800
4563,-26.420,152.850
4564,-26.580,153.100
4565,-26.290,152.990
4566,-26.400,153.060
4567,-26.430,153.110
4568,-26.330,152.860
4569,-26.330,152.820
4570,-26.350,152.670
4571,-26.220,152.930
4572,-26.670,153.110
4573,-26.530,153.090
4574,-26.600,152.760
4575,-26.750,153.120
4580,-26.010,153.060
4581,-25.510,153.120
4600,-26.220,152.270
4601,-26.330,152.170
4605,-26.200,151.890
4606,-26.250,151.810
4608,-26.370,151.940
4610,-26.760,151.630
4611,-26.160,151.750
4612,-26.180,151.690
4613,-26.110,151.630
4614,-26.820,151.900
4615,-26.650,151.950
4620,-25.610,152.330
4621,-25.510,152.050
4625,-25.810,151.670
4626,-25.810,151.210
4627,-25.140,151.130
4630,-24.790,151.230
4650,-25.470,152.660
4655,-25.350,152.890
4659,-25.290,152.630
4660,-25.200,152.330
4662,-25.350,152.600
4670,-24.840,152.020
4671,-25.080,151.680
4673,-24.690,152.170
4674,-24.470,151.950
4676,-24.630,151.590
4677,-24.210,151.900
4678,-24.240,151.500
4680,-23.860,151.270
4694,-23.840,151.070
4695,-23.790,150.930
4697,-23.720,150.820
4699,-23.650,150.640
4700,-23.390,150.500
4701,-23.360,150.520
4702,-24.330,149.780
4703,-23.110,150.700
4704,-23.120,150.460
4705,-22.740,149.310
4706,-22.590,149.640
4707,-21.870,149.140
4709,-23.040,148.340
4710,-23.260,150.830
4711,-23.250,150.480
4712,-23.700,149.670
4713,-24.110,149.430
4714,-23.620,150.390
4715,-24.400,150.510
4716,-24.580,150.670
4717,-23.590,148.880
4718,-24.570,149.300
4719,-25.050,150.160
4720,-23.530,148.160
4721,-23.280,147.560
4722,-24.510,147.420
4723,-23.010,148.230
4724,-23.650,146.640
4725,-23.550,145.290
4726,-22.970,145.250
4727,-23.850,144.470
4728,-22.690,146.150
4730,-23.040,144.530
4731,-24.260,144.440
4732,-22.590,144.550
4733,-21.710,143.370
4735,-23.760,141.140
4736,-24.830,143.060
4737,-21.450,149.290
4738,-21.700,149.360
4739,-21.910,149.420
4740,-21.160,149.100
4741,-20.900,149.000
4742,-21.540,148.080
4743,-21.360,148.120
4744,-22.000,148.050
4745,-22.590,148.350
4746,-22.640,148.920
4750,-21.040,149.160
4751,-21.190,149.030
4753,-21.120,148.890
4754,-21.160,148.810
4756,-21.140,148.630
4757,-21.170,148.510
4798,-20.900,148.770
4799,-20.710,148.600
4800,-20.580,148.420
4801,-20.050,148.890
4802,-20.270,148.720
4803,-20.350,148.960
4804,-20.550,147.850
4805,-20.380,147.890
4806,-19.670,147.450
4807,-19.550,147.440
4808,-19.550,147.350
4809,-19.530,147.210
4810,-19.250,146.800
4811,-19.320,146.820
4812,-19.270,146.780
4813,0.000,0.000
4814,-19.300,146.760
4815,-19.330,146.730
4816,-19.420,146.950
4817,-19.330,146.600
4818,-19.200,146.660
4819,-19.150,146.860
4820,-20.080,146.250
4821,-20.280,143.880
4822,-21.510,142.690
4823,-18.130,139.960
4824,-20.700,140.510
4825,-21.160,149.100
4828,-19.920,138.120
4829,-23.390,139.670
4830,-17.740,139.550
4849,-18.270,146.030
4850,-18.470,145.890
4852,-17.830,146.100
4854,-18.120,145.910
4855,-17.790,146.020
4856,-17.720,146.030
4857,-17.750,146.020
4858,-17.570,146.040
4859,-17.600,145.970
4860,-17.560,146.000
4861,-17.340,145.920
4865,-17.150,145.740
4868,-16.960,145.730
4869,-17.000,145.740
4870,-16.880,145.750
4871,-17.610,143.190
4872,-17.230,145.620
4873,-16.370,145.380
4874,-12.660,141.850
4875,-10.120,142.140
4876,-10.850,142.430
4877,-16.540,145.470
4878,-16.840,145.710
4879,-16.770,145.670
4880,-17.110,145.300
4881,-16.820,145.510
4882,-17.190,145.460
4883,-17.270,145.470
